id,spotify_id,name,musicbrainz_id,aliases
0bac3148-72e2-4f18-83c9-e09f455dffc9,6zPbaYJp7itQ8p0gPLqf2S,라디,not_found,[]
0bdb4392-6f0f-4641-9ca6-310e1c9be3ce,77s4pErFDFTcFTIgIPC7B6,양현민,not_found,[]
81a5ba86-5758-4697-909f-5aa916b431fa,7cVZApDoQZpS447nHTsNqu,이하이,not_found,[]
f495c2f3-a089-46c3-af6d-ef26598a057e,5jgVAiRn6yCZninOaRhwky,미현,not_found,[]
c5796672-a9bb-4ff6-a53e-046d7f585034,3Ut5D9lZhPzIdAnInEltxw,웨스턴 카잇,not_found,[]
463a66f1-0462-4b9b-b128-e56cee7595e1,3bk5TbtyJDRrJ8lMQIzSPh,택연,not_found,[]
0531077a-29d3-4dba-8c81-2056845d8124,4muJrGMndyYWqZtfk8OWy4,보아,not_found,[]
50f50402-1ba6-4221-8372-39f9d080a6cc,3IVjXrnR0npv1LY24kQSzd,피에스타,not_found,[]
364b76d4-eea3-4289-9d0b-a0b9dadc967f,4nvFFLtv7ZqoTr83387uK4,다이나믹 듀오,not_found,[]
3575a828-a327-40cd-be4e-48bc410bd76a,0Ch0t9gI47Lkal71uQnmV3,저스디스,not_found,[]
b98b687d-03eb-4106-9ab7-17b85ddef568,3jVx2bgY7xyOT8zCtwOvKH,유아이,not_found,[]
e6fd429b-a1a6-4c51-943f-8fa4eaa3eb19,1yKJP9lhHtcBxAv2jGaRzP,로던,not_found,[]
b34e151d-8353-4d61-9fb8-022f65396249,6O2yMW3uKyJwzQxIrnYIZn,뱁찌,not_found,[]
81bda2c7-61b7-46da-bde0-ed7b94527c50,2nb0ku9qmFgzed8rMhwzme,빌런의 앨범,not_found,[]
256d66b0-01b8-4233-a5ed-58b3221bb2f8,5eBvKkLCbBNcsSxzrgahHZ,왁스,not_found,[]
4ee52836-a2c6-4369-b51b-aa49650683d6,61IaAjWyHrAO5ZJdjp1YEH,브라운티거,not_found,[]
6236dabd-d3b4-4c6e-973c-1b25f7cfa99b,0jg8QQ5BExafoPBy7ZyA5t,크라잉넛,not_found,[]
36cab2b0-dab9-4372-815a-9a78ebff9429,0dX6tgZKWpamoFHFuXFhwd,매드클라운,not_found,[]
a7cfbbef-606d-4a22-982a-c10196d09f72,3VHFAtB6fPQwpAWQ5rn4uc,심규선,not_found,[]
0bdec91e-2729-4695-81b2-7e6a55b5b0f8,3cpG0SJLIJ1qpQfjmlWlzo,하이포,not_found,[]
986badfb-7bae-491f-ac39-4a4553510fa7,7j1lNIjZY1E1drWIgJloMs,뱃사공,not_found,[]
0c3017d0-3564-4d59-9ae0-c94d3ea88984,3l9s67pOK4Stw9yW1wr0Bg,루피,not_found,[]
b73c16ac-123b-408c-9722-3100fd7d1057,7bb3cdFh1kkHdopjeJRgca,룰라,not_found,[]
eb2e0d53-026d-48f1-9d11-4c1258e4856e,7c1HgFDe8ogy5NOZ1ANCJQ,카더가든,not_found,[]
8f281899-6380-475c-b994-dfe5356de5d2,7qKWQnE3S7v8m3rLwMVdGg,스컬,not_found,[]
4044c2b4-584b-4a49-b2c0-bde2724d6176,3HqSLMAZ3g3d5poNaI7GOU,아이유,not_found,[]
d478b829-d4d3-4b01-9ffc-62639cfe4578,3sbDJ2g0JDWQeDDhZC0KTB,류정란,not_found,[]
4141a2a1-54d3-491d-8a77-296151c5ddc7,6ta5jMUsHQypqQ7092jOCb,조선힙합,not_found,[]
451f185c-53f3-4bf2-88d7-86f6ec137c95,0gos4GVpI0PzhyrWhsc7nj,페퍼톤스,not_found,[]
bd7d07b8-643d-424a-aa03-0785a4645dd5,3uHb6dRazmcaT15bMexUtt,박봄,not_found,[]
fbd24e40-4136-4e39-9dfd-9ca2728f5525,6fq0icFDoSABHBqbeK6Gnb,이루마,not_found,[]
e09b0ad0-ca99-4909-a392-43de4b5bb87c,6gEWl778wJTkq4Uk5eBvgD,MC몽,not_found,[]
10f8ef59-051d-48e3-958d-d52059ad52c1,6jVqut4CtBhe9jZzmVhodj,혜란,not_found,[]
03333380-879a-46a8-941f-7b6d1ee0a6da,75gJRooAF3SsnGx47v4bD8,키네틱플로우(K-Flow),not_found,[]
bbca10b7-8465-4e6d-b98a-1a007b1d3435,7IWshUcKfJyDWrbiF2XT8J,키드밀리,not_found,[]
519943e9-735c-4e2d-9be7-3bcb87802725,24sQuJhQ85ZygDG7sUVUxR,버벌진트,not_found,[]
28ef574e-f1ab-4c9c-b151-ff0f35dd5b57,2Y9AUayH5pyZpVfkDYDfJV,스텔라장,not_found,[]
21ef2e82-2f27-43a9-9d70-e17fcd1c2847,1XNC9ksvgXeD1xRJruSA5t,케이윌,not_found,[]
9bf5484c-7a89-4c2a-9c23-b2359277a8a6,5dCvSnVduaFleCnyy98JMo,헤이즈,not_found,[]
0ad8cb43-a8f4-4a43-a94f-326822878ea5,459tVR1zPUmVwOROer0adD,빌스택스,not_found,[]
17a99a00-4e14-4029-9584-c8b5d6fc4852,5fwYrHN92VR90PJQ11ybJ8,솔루션스,not_found,[]
1b87b3ce-59d2-4480-9625-16a230411e1b,5td0g0Owd8ZYu7SVb6f9xh,나상현씨밴드,not_found,[]
077180e3-2dbe-4741-ac49-88a6331f29a9,69H1Ooj2eBJXLTk3IEBV0v,레디,not_found,[]
7878125e-82c2-4812-b06c-90f260fd1632,6HaGTQPmzraVmaVxvz6EUc,정국,not_found,[]
c0fc2e68-d1b2-4e74-b3a3-7e708514d6ad,6iBjPtCEGarFwpdJUc39P9,김상민그는감히전설이라고할수있다,not_found,[]
cf770c46-ae7d-4128-9b1a-a975f183ab5e,4ueZwsEtcqcO0IZywqgk66,지투,not_found,[]
5293f277-4e6a-4291-b8d7-c9cc04a50c50,3Nrfpe0tUJi4K4DXYWgMUX,방탄소년단,not_found,[]
5a119be5-5e24-4a86-8acc-c378c985aada,7p552gLGzaDKXB5sETgTEP,DJ 웨건,not_found,[]
43b1d8ff-9b96-484e-a71a-46a1b450e57e,4ls4GQkl0kkBlAWq2DgS0z,오르내림,not_found,[]
43ccb0d5-e62d-47ae-b31e-f4590d66b429,5rP0axomfqfxm0QavWTdvO,오왼,not_found,[]
1f68ead7-eb77-489a-b3c0-2a94656a2b2a,0T8sqjCB5w57zxvW5lp3qJ,블랙넛,not_found,[]
52baef93-d60f-48aa-abdc-37164b0bf148,2TTGZUWJg6LIOWsmCEgKCZ,래원,not_found,[]
04fe43fd-c9c0-4370-9cd6-3f6a1479e788,0su5mZ6qhvOUhz7ckEx8rR,염따,not_found,[]
07cd2790-39aa-4adf-b4e3-a49459c0c824,6N7b9mUVwn885jI7RRg8no,미란이,not_found,[]
75fff1d7-a199-4f4d-97a7-d55c4c56ea79,6O7LgtO6NKOOOudzRayUfJ,브라운 아이즈,not_found,[]
811dffeb-e276-4afa-af9e-42a1a7f0de4d,2tB3jPHyyfcxvvor2flc1Q,김심야,not_found,[]
d4848aa0-aaec-4c2b-91a4-7d62b2029d13,3LKVw6XQYcot0OZMFmf4IP,산다라박,not_found,[]
f8fbf3b2-2e11-4ee7-8093-366a7b41f73c,4ZPInhlYlpaCsk1vnHmKBP,서사무엘,not_found,[]
0994f3a7-0296-40d4-b2b0-673e3f6a5793,2ZmXexIJAD7PgABrj0qQRb,엔플라잉,not_found,[]
78445c55-7a38-4203-bb5d-753186e1970b,3ihcza50ukOh0F8DDBNs85,시나위,not_found,[]
b266c4dc-0fc3-46fa-b5c6-737bfb95286d,6XBntNN5Zh9iBg8adnaY74,MC 스나이퍼,not_found,[]
df119e19-0a7c-4566-809b-205ca33f9876,1OQxmfKN9UG5C7nr4MkasO,대성,not_found,[]
95779e61-5e3b-4cda-95d7-50d0481e9593,3Zn6C68VCosoQrxu4D2Btr,나플라,not_found,[]
e9565cbc-ecfb-46ea-960a-bbe11313bf82,5xWKWXamxbujIdti9xpnI1,마미손,not_found,[]
4acef703-b82f-419b-ba41-e95ae41cb621,1q1Fe4tXiu1Weq4U0uhqPi,자메즈,not_found,[]
ab05979f-207b-4296-bb14-8ac000d5ca30,3txAiGYUmI4p84stqOoi1s,다섯,not_found,[]
15eb4452-23b9-4977-9a3e-63b04551fcb1,6WWUJGBY4ETAE22tRmgJ8b,다운,not_found,[]
2d4e3ab5-739f-4f2d-8ea1-8d34003aa011,7pMFAOPNBL5beBLW4Pohst,디보,not_found,[]
e388779d-02d3-4389-a5c7-420d5e18599a,0YE7929Kw8hXmap9LKxUiC,스월비,not_found,[]
b5174319-f8da-478b-83b0-1278277abf18,4BBN286rBKyCWsSPq2cxYO,샘김,not_found,[]
7daef17c-235e-473b-87b4-e37fa0c8a352,2dweiCCulgLgYVJDh5TQWT,손보리,not_found,[]
6a7a923b-4c4e-47a0-b857-1fda386a7221,4N2CbwZ7ekytt9Oi5dh4Vq,플로우식,not_found,[]
cdbf83cd-a2f8-479b-83d4-58c3d8c8f364,4QDcs3XrA8uHUZ7Xt9Ytep,프라이머리,not_found,[]
b1358fb1-2f36-4b5d-941b-fcb51f96e0e2,3xrnRphP6QI5zADyMWmtV0,이영신,not_found,[]
32571888-e267-41f6-b1cf-4c1f02c9c0be,5snNHNlYT2UrtZo5HCJkiw,에픽하이,not_found,[]
9d8688e5-6f36-4586-a555-4a92b817c8e8,46Bj2frkvUzqJUwcSx24Wo,포지션,not_found,[]
c0414f77-2bf1-40d2-ac35-857c9e6d9f85,29UQ130XMQDR55X4Rmjapd,밍기뉴,not_found,[]
e9e7a05b-51d8-4c80-87d3-1447f703b07e,2Yv0nlRtzgPl6u0dsS2hFv,팔로알토,not_found,[]
6a2ff417-9ca3-4102-825d-ff070aedc36f,0hKq3u04JU5IuGNSTGyngJ,신기원,not_found,[]
d17b69ca-b5b8-46bc-8ad3-127ceb0ade9c,0Q5XzDpn7DCI5jlubok4xb,수퍼비,not_found,[]
d1209acc-d31c-47fe-8573-795b0f383e4f,6keuCA49b9am8lisSodCh7,노브레인,not_found,[]
214c0e44-15ac-4aa2-af1e-541966d04181,7pXKdkQsYFCMG2omRxheJ2,베이식,not_found,[]
c855413c-2c47-472b-bcaa-f0f4625c4919,40VHZeuDf846LWMOWS8tzp,권기백,not_found,[]
21eae125-bf27-4249-b9df-fbcfc0fa709a,5vXRQROXJyJ9ES3l2Wy9wk,주혁,not_found,[]
215325ee-0cda-406c-816d-5d72c189162a,49cCO8Hy5heGnXj9hb6KEW,조광일,not_found,[]
166e7989-3ea9-4bce-b66a-7f959c57452e,3hk800Fb8F8IQe1WfFGT1w,데드피,not_found,[]
c0bf2286-ea87-4a93-8be9-35c6ebac50ed,31jg46rtB7MyrVPXZATmsa,테이크원,not_found,[]
b4d339da-a3fd-41af-a80d-1d0a99155e2b,4pBsJFHxQhnWlTShadz1rm,김반장과 윈디시티,not_found,[]
857f591c-83aa-4bdc-a9a7-8797a5521ade,762fgqQ2gz5w7q1VkDOmja,최성,not_found,[]
3d5ae0e2-4b18-49de-b093-2d170d2ddd94,3HfWEOcXit3EkuRCt5M3Yd,스웨이디,not_found,[]
9ead37cb-5b4a-41dd-9c02-b49ddbeafe9f,5DIi2JWfQPTKffaVBlIYRn,식케이,not_found,[]
cdc09877-6957-47a1-b81e-ea78862a6173,71kRpwy6xTeG2OXXkRJdkA,국카스텐,not_found,[]
cef9d2a6-60cb-47bd-be83-989d3068474a,6a8cUmqOsXmjzq1aWKiVpH,이센스,not_found,[]
4e81ab07-07b4-4b93-a909-a5ba3c5a58cc,2xH4dYFMVhdOGIhgIWonbc,도넛맨,not_found,[]
3ea4f75b-664b-43e4-8859-acb86c338ba2,4meeMnr8eLacsB31ApsXZS,허클베리 피,not_found,[]
9826b2c0-f5a4-4104-8836-5bc96563cdcc,7IrDIIq3j04exsiF3Z7CPg,빈지노,not_found,[]
b7609101-c490-469d-9c79-30fbed76fcd4,4w7y9BkDnf9hhjzQH6Br41,비지,not_found,[]
dfaceb7b-64cb-4a33-b121-cb4788316739,29HqjVbJr3vsc2l6BTI4eB,그루비룸,not_found,[]
cc50113d-08f1-4a86-a901-3c00b2378eb8,1xXaHVbA0zzgfAa55XU8aZ,랍티미스트,not_found,[]
c6af3a5a-9244-4536-915e-8cb530e764e0,5Egus6b1x9pYOnqsG7y1f4,그리즐리,not_found,[]
ee8919b8-9a8b-41ba-85fa-3cfc41b5de53,1aoo4BsnCKdH4feovaFNcF,찰리빈웍스,not_found,[]
ea0b1155-1a58-487f-9a46-555275485ad6,7l9DszIMmxbcc24RJwqJY8,재지팩트,not_found,[]
a972d85e-47dc-4934-9e93-b6ac9112a061,6rpDUqd40qJLS0M3H9qub7,이슬림탄탄,not_found,[]
89b8852a-0f62-45d3-9c46-5d1652977bff,7pc2u2h21VXGmI6oiQcRuI,남궁만,not_found,[]
9f0eb793-a085-4f67-b7d3-1595ea479ad0,6F5tPDq3TIduDv2ki6O1Oq,스윙스,not_found,[]
5797566c-2989-4022-adc7-1baba0a242f4,5XdnR0kqQUWzeTDdsJNulO,오케이션,not_found,[]
9168a872-312f-498a-8aba-7d44f75893e3,3PpfvyyncoZ79IgYe0Uls0,호미들,not_found,[]
5345d124-9c84-4b30-965b-e71a7d85914c,0ghlgldX5Dd6720Q3qFyQB,투모로우바이투게더,not_found,[]
257e8cad-8114-499c-adeb-42f771a2306f,5xHC23kCM6goKp7bDDXE3T,비프리,not_found,[]
1b48c61a-8c27-49e7-a2fa-2ba9a58e17f7,4E7PyG6Vo26X1I9qURf45z,딥플로우,not_found,[]
6def3a62-0daf-4435-9564-0fe57873a24b,3TLffOgVLta1P3b7mQypvt,키비,not_found,[]
0bf6802f-4d99-43f9-9ba0-d5671845a5a0,32mluwkanSuuM3hm3d3Fh5,캔트비블루,not_found,[]
4ea9abf0-d2b0-47ab-a907-1857227b61b7,1SsVqqC31h54Hg08g7uQhM,양홍원,not_found,[]
b6c52855-f197-4fb8-b69d-d489d267065d,1dOMFM5wDNsENQQW0nl0K8,어반자카파,not_found,[]
750e6573-e30d-4de6-9ec6-114e53bc480b,2EFJSNZzGSfLXMfAaxbK2A,울랄라세션,not_found,[]
43e2413f-8002-40c4-9b4f-14aabdca0687,2IEHO7wbuUKxOVkMKaT5KB,김현창,not_found,[]
4a698366-6cc0-49fb-90da-9cad290a61de,3vhZuZdMksbnJwoE3AwpXq,범키,not_found,[]
83bddd06-28ef-4c0b-a8b3-39e1560c2733,2bWTIIQP9zaVc55RaMGu7e,서리,not_found,[]
62183046-83c4-4ca9-9ad5-836f5cdf3f07,64k5e9kV9MdukXjFrR5R37,제시,not_found,[]
f18212d0-2c26-4b02-9ced-20cfb38b27b6,0z3PGGdWzTBZB8aYcp0gSx,영슈러,not_found,[]
b3574d23-bb46-4ba7-aec1-452a2dd0b2aa,1MAUqH0haKBYbjpknTfreY,페노메코,not_found,[]
9bd2a648-dcaa-4187-a74b-74794ecbc439,2krUNMgFZYm5s4Nn0g91W9,김하온,not_found,[]
13a8a190-57c3-4a69-9f7c-cbd935a55e49,2e4G04F77jxVuDYo44TCSm,로꼬,not_found,[]
d2907f19-72c9-475b-8535-700dcd9f473e,4F0KZ0SXe4z5xrgX6TXAPy,노윤하,not_found,[]
1e881a99-f869-4fae-8ab4-829e7eaf669f,4T6xiCykTP9rCNaEPU7D4q,빈첸,not_found,[]
11d5c15c-9912-4bdb-b589-35a83bcfa4e2,5TFyn81eoBFYh9sjhg4gfL,마이노스,not_found,[]
af769cb7-af17-43ac-8b99-e53cbf22d8cd,25wMXkplvEHJpJHX8A6Ved,릴보이,not_found,[]
c01901e3-5540-49b3-b701-4d45d59c1344,5bBvXMwNu88fxzf47RErB3,펜토,not_found,[]
e95aad19-6e84-405b-a820-f5a0da3c0f9c,5enwJ9yOnKlCP91ov4Dqhv,펀치넬로,not_found,[]
39f8ca4f-2ffc-481d-a0ac-7db5de9bf960,57W9ikVc6O2wLDtmclSjvN,사이먼 도미닉,not_found,[]
83cc4127-241a-4e60-b717-888cc415db45,5o615XColiSVMPDWlslKSk,원슈타인,not_found,[]
ec4b0864-fb0b-4a0a-b9f4-885ed1ed33ae,70DqoppP3xK7LgtYiccxfZ,제이통,not_found,[]
458a4ac9-ce96-436c-8355-2780cd0d6c74,0IznZPMUyaPGdqfP4oqBja,쿠기,not_found,[]
fb94f75f-db15-487c-8e37-2d7e06587bc2,6i47wcSLvsZ9M01UO7zsua,지구인,not_found,[]
545ad1a5-2cec-4d11-9230-5613d9c61213,4WnO2VmlwdTX77ANsThWLQ,코드 쿤스트,not_found,[]
0c495d74-582f-4b28-b778-9986308cffab,4XpUIb8uuNlIWVKmgKZXC0,지코,not_found,[]
8659629f-42b3-46d5-8066-1559f749e06d,4eAQYYrpDuYXiswOkJC9rA,하선호,not_found,[]
263d078a-45ca-4122-97b2-dbf8ed61b326,5DRgmwlZtxrLEs3zxDgSxi,오담률,not_found,[]
24116e59-0d0d-4434-87a5-c4adc34e288a,0m5ETFICJLAg6ageqa9FgZ,행주,not_found,[]
c35e3dce-f54a-4597-9f64-cc5169f9fd2c,10jo9gGaXEw8lAgB3gK0c1,로한,not_found,[]
10f0cf4d-c22d-4412-83a1-0a36c3f7b67b,36MQil20hjOpG5f52NQ4du,문수진,not_found,[]
d28ae032-dcb3-4a18-85e1-420b0c2d345f,6eiX7TuXjZBlrqm14DDYKG,제이에이,not_found,[]
